68,3167,7,Garde de Hurlevent
277,1433,7,Roberto Pupellyverbos
279,5082,7,Morgan Pilon
416,4449,3,Diablotin
417,850,3,Chasseur corrompu
510,525,4,Elémentaire d'eau
639,2029,7,Edwin VanCleef
684,633,1,Panthère ombregueule
1176,10912,7,Rat des tunnels fourrageur
1177,139,7,Rat des tunnels géomètre
1257,1431,7,Keldric Boucher
1275,1444,7,Kyra Boucher
1297,1446,7,Lina Stover
1298,1427,7,Frederick Stover
1299,1447,7,Lisbeth Schneider
1301,1443,7,Julia Gallina
1312,1477,7,Ardwyn Cailen
1315,1486,7,Allan Hafgan
1317,1492,7,Lucan Cordell
1318,1481,7,Jessara Cordell
1366,338,7,Adam
1367,221,7,Billy
1402,1438,7,Topper McNabb
1412,134,8,Ecureuil
1420,901,8,Crapaud
1428,5552,7,Rema Schneider
1431,5545,7,Suzetta Gallina
1477,1509,7,Christoph Faral
1478,1519,7,Aedis Brom
1501,10973,6,Zombie décérébré
1502,829,6,Goule déshéritée
1817,4124,1,Loup malade
1826,10286,7,Mage écarlate
1831,10277,7,Chasseur écarlate
1833,10291,7,Chevalier écarlate
1853,11070,7,Sombre Maître Gandling
1976,3167,7,Patrouilleur de Hurlevent
1985,6807,1,Sanglier des chardons
2032,11448,1,Sabre-de-nuit galeux
2198,1525,7,Crieur Goodman
2330,1471,7,Karlee Chaddis
2331,252,7,Paige Chaddis
2457,1437,7,John Brûle-flanc
2532,252,7,Donna
2533,262,7,William
2748,5988,5,Archaedas
2914,1206,8,Serpent
3084,2141,7,Gardien des Hauts
3099,381,1,Sanglier tacheté redoutable
3115,6815,7,Harpie Terrevent
3122,1960,1,Fouette-queue griffesang
3126,2487,1,Scorpide blindé
3296,4259,7,Grunt d’Orgrimmar
3300,1986,8,Aspic
3504,338,7,Gil
3505,257,7,Pat
3507,252,7,Andi
3508,251,7,Mikey
3509,338,7,Geoff
3510,221,7,Twain
3511,262,7,Steven
3512,251,7,Jimmy
3513,1526,7,Mademoiselle Danna
3518,1541,7,Thomas Miller
3520,1544,7,La vieille Emma
3573,4587,11,Totem Fontaine de mana
3627,1694,7,Erich Lohan
3654,4088,7,Mutanus le Dévoreur
3975,2041,7,Hérode
3976,2042,7,Commandant écarlate Mograine
3977,2043,7,Grande inquisitrice Blanchetête
4075,1141,8,Rat
4076,2177,8,Blatte
4275,2353,7,Archimage Arugal
4278,37287,6,Commandant Printeval
4311,4515,7,Holgar Hache-foudre
4421,31042,7,Charlga Trancheflanc
4466,28249,7,Scalpeur vilebranche
4467,28252,7,Devin vilebranche
4543,11396,6,Mage de sang Thalnos
4711,11264,7,Naga ondulame
4712,11266,7,Sorcière ondulame
4714,11253,7,Myrmidon ondulame
4829,2837,1,Aku'mai
4953,1986,8,Mocassin d'eau
5493,3285,7,Arnold Leland
5494,3290,7,Catherine Leland
5709,7806,2,Ombre d'Eranikus
5873,4588,11,Totem de peau de pierre
5950,4589,11,Totem Langue de feu
5951,1560,8,Lièvre
6271,4959,8,Souris
6487,5266,7,Arcaniste Doan
6740,5444,7,Aubergiste Allison
6788,1007,1,Mère de la tanière
7106,8575,3,Voleur jadefeu
7109,11334,3,Gangrelige jadefeu
7110,11336,3,Traqueur des ombres jadefeu
7267,6439,7,Chef Ukorz Scalpessable
7358,32610,6,Amnennar le Porte-froid
7385,5556,12,Chat bombay
7440,6828,7,Protecteur tombe-hiver
7441,6818,7,Totémique tombe-hiver
7442,6211,7,Guide tombe-hiver
7443,8838,1,Marteleur Crocs acérés
7800,36563,9,Mekgénieur Thermojoncteur
8391,7764,7,Lathoric le Noir
8400,13929,4,Obsidion
8444,7795,7,Maître d'artisanat Kovic
8447,6569,9,Clonk
8670,7991,7,Commissaire-priseur Chilton
8719,7992,7,Commissaire-priseur Fitch
8913,8772,7,Emissaire du Crépuscule
9019,8807,7,Empereur Dagran Thaurissan
9454,2880,3,Xavathras
9568,8711,2,Seigneur Wyrmthalak
9657,8910,12,Petit fumant
9699,8971,8,Hanneton de feu
10181,28213,7,Dame Sylvanas Coursevent
10184,8570,2,Onyxia
10220,9567,1,Halycon
10259,9563,12,Jeune worg
10363,10115,2,Général Drakkisath
10440,10729,6,Baron Vaillefendre
10508,7919,6,Ras Murmegivre
10605,10311,7,Médecin écarlate
10813,34424,3,Balnazzar
11068,10591,7,Betty Quin
11492,14416,3,Alzzin le Modeleur
11496,14173,3,Immol'thar
11501,11583,7,Roi Gordok
11502,11121,4,Ragnaros
11520,7970,7,Taragaman l'Affameur
11583,11380,2,Nefarian
11878,11814,7,Nathanos le Flétrisseur
12201,12292,4,Princesse Theradras
12480,5567,7,Melris Malagan
12481,5446,7,Justine Demalier
13154,13465,7,Commandant Louis Philips
13598,13671,7,Expert en explosifs foudrepique
14423,14472,7,Officier Jaxon
14438,14492,7,Officier Pomeroy
14439,14493,7,Officier Brady
14834,15295,10,Hakkar
14881,2536,8,Araignée
15273,15438,4,Ame en peine arcanique
15298,15406,4,Ame en peine arcanique contaminée
15339,15432,10,Ossirian l'Intouché
15447,4590,11,Totem de courroux de l'air
15476,15469,8,Scorpion
15659,15594,7,Commissaire-priseur Jaxon
15690,19274,3,Prince Malchezaar
15727,15787,10,C'Thun
15928,16137,6,Thaddius
15931,16035,6,Grobbulus
15932,16064,6,Gluth
15936,16309,6,Heigan l'Impur
15952,15928,1,Maexxna
15953,15940,7,Grande veuve Faerlina
15954,16590,6,Noth le Porte-peste
15956,15931,6,Anub'Rekhan
15989,16033,6,Saphiron
15990,15945,6,Kel'Thuzad
16011,16110,6,Horreb
16028,16174,6,Le Recousu
16030,9904,8,Asticot
16060,16279,6,Gothik le Moissonneur
16061,16582,6,Instructeur Razuvious
16063,16154,6,Sire Zeliek
16064,16155,6,Thane Korth'azz
16068,9906,8,Larve
16802,17122,7,Lor'themar Theron
16808,19799,7,Chef de guerre Kargath Lamepoing
16998,16622,8,M. Bigglesworth
17144,20763,1,Sangredent
17252,14255,3,Gangregarde
17257,18527,3,Magtheridon
17308,18237,3,Omor l'Intouché
17377,17153,7,Keli'dan le Briseur
17468,17822,7,Prophète Velen
17536,18812,2,Nazan
17798,20235,7,Seigneur de guerre Kalithresh
17881,20510,2,Aeonus
17882,18194,1,La Traqueuse noire
17942,18224,5,Bourbierreux
17968,20939,3,Archimonde
17977,19438,4,Brise-dimension
18096,19135,2,Chasseur d'époques
18344,19780,7,Prince-nexus Shaffar
18373,17715,7,Exarque Maladaar
18376,17718,1,Griffon rouge rapide
18377,17719,1,Coursier du vent rouge rapide
18473,18636,7,Roi-serre Ikiss
18677,20761,7,Mekthorg le Sauvage
18678,17445,10,Goinfreplein
18679,20044,3,Vorakem Parleruine
18680,20770,1,Marticar
18681,20768,7,Emissaire de Glissecroc
18682,20769,4,Rôdeur des tourbières
18683,19681,3,Chasseur du Vide Yar
18685,20766,7,Okrek
18686,20767,7,Auspice funeste Jurim
18689,12073,6,Estropieur
18690,20862,5,Morcrase
18692,8574,2,Hemathion
18693,20762,7,Porte-parole Mar'grom
18694,20590,3,Collidus le Guetteur-Dimensionnel
18695,11347,3,Ambassadeur Jerrikar
18696,20810,3,Kraator
18697,20765,7,Ingénieur en chef Lorthander
18698,20764,4,Permacœur le Punisseur
18708,18839,4,Marmon
18838,8610,3,Seigneur de la nuit Malphas
19044,18698,7,Gruul le Tue-dragon
19191,18371,3,Arazzius le Cruel
19220,20033,7,Pathaleon le Calculateur
19622,20023,7,Kael'thas Haut-Soleil
19668,19110,10,Ombrefiel
20912,19943,10,Messager Cieuriss
20932,19913,1,Nuramoc
21076,20042,12,Luciole
21212,20748,7,Dame Vashj
22419,5990,10,Mite des bois
22917,21135,3,Illidan Hurlorage
22943,22349,12,Wolpertinger
23408,21473,6,Seigneur corbeau
23682,22351,10,Cavalier sans tête
23863,38118,7,Daakara
23872,21824,7,Coren Navrebière
23953,25338,6,Prince Keleseth
23980,26351,6,Ingvar le Pilleur
24174,22175,8,Rat du fjord
24200,22194,7,Skarvald le Constructeur
24201,26349,7,Dalronn le Contrôleur
24270,15554,8,Asticot dévorant
24664,22906,7,Kael'thas Haut-Soleil
24697,10927,3,Sœur du tourment
24934,22750,10,En-cas-Matic IV
24935,22750,10,Vend-O-Tron D-Luxe
25075,22873,10,Contrôles de zeppelin
25315,23200,3,Kil'jaeden
25706,8409,12,Brûletin incendiaire
25740,23344,4,Ahune
25800,23385,7,Maître des palourdes K
26119,23574,12,Jeune phénix
26125,24994,6,Goule ressuscitée
26529,26579,6,Grancrochet
26530,26581,7,Salramm le Façonneur de chair
26532,26580,2,Chronoseigneur Epoque
26533,26582,3,Mal'Ganis
26555,12818,6,Butor du Fléau
26630,26352,6,Trollétripe
26631,26292,6,Novos l'Invocateur
26632,27072,6,Le prophète Tharon'ja
26668,26096,6,Svala Tristetombe
26687,27419,7,Gortok Pâle-sabot
26693,27418,6,Skadi le Brutal
26723,24307,2,Keristrasza
26731,24066,7,Grand magus Telestra
26763,26259,4,Anomalus
26794,26298,4,Ormorok le Sculpte-arbre
26861,28019,6,Roi Ymiron
27217,24393,12,Esprit de Compétition
27447,27033,2,Varos Arpentenuée
27483,5240,1,Roi Dred
27654,27032,2,Drakos l'Interrogateur
27655,25010,7,Seigneur-mage Urom
27656,27034,2,Gardien-tellurique Eregos
27881,23884,9,Catapulte de Joug-d'hiver
27975,26657,10,Damoiselle de peine
27977,20909,5,Krystallus
27978,27483,7,Sjonnir le Sculptefer
28094,27658,9,Démolisseur de Joug-d'hiver
28202,1141,8,Rat de Zul'Drak
28306,16925,11,Zone anti-magie
28312,25292,9,Engin de siège de Joug-d'hiver
28366,27101,9,Tour-canon de Joug-d'hiver
28546,27484,4,Ionar
28586,27301,7,Général Bjarngrim
28587,27071,5,Volkhan
28684,27394,6,Krik'thir le Gardien de porte
28859,26752,2,Malygos
28860,27035,2,Sartharion
28921,26776,1,Hadronox
28923,27485,10,Loken
29068,25891,7,Goby Explonheimer
29093,25901,7,Ian Drake
29120,27856,6,Anub'arak
29238,26064,6,Hantise du Fléau
29266,27486,7,Xevozz
29304,27422,7,Slad'ran
29305,27059,7,Moorabi
29306,27061,7,Gal'darah
29307,26589,9,Colosse drakkari
29308,27406,7,Prince Taldaram
29309,27407,6,Ancien Nadox
29310,26777,7,Jedoga Cherchelombre
29311,27408,10,Héraut Volazj
29312,10193,1,Lavanthor
29313,27487,4,Ichoron
29314,27855,3,Zuramat l'Oblitérateur
29315,27488,7,Erekem
29316,20590,3,Moragg
29611,28127,7,Roi Varian Wrynn
29726,26452,12,M. Glagla
29932,26644,7,Eck le Féroce
30258,28133,4,Amanitar
30449,27039,2,Vespéron
30451,27421,2,Obscuron
30452,27082,2,Ténébron
31125,26967,5,Archavon le Gardien des pierres
31134,27508,2,Cyanigosa
31216,11686,7,Image miroir
31720,27686,7,Matelot Shubbécope
31723,27684,7,Matelot Baracocktail
31724,27685,7,Matelot Cîminstable
31725,27687,7,Capitaine des cieux LaFontaine
31726,4602,7,Grunt Gritch
31727,4601,7,Grunt Grikee
32258,15467,8,Hanneton doré
32261,27861,8,Araignée de cristal
32273,19326,2,Corrupteur infini
32357,24960,4,Vieil Écorce-de-Cristal
32358,24103,9,Larmagauche Venbraye
32361,26286,1,Corneglace
32377,28051,7,Perobas le Carnassier
32386,27063,7,Vigdis la Vierge de guerre
32398,27950,1,Roi Ping
32400,27951,1,Tukemuth
32409,28284,7,Survivant d'Indu'le affolé
32417,10294,7,Généralissime écarlate Daion
32422,26663,5,Grocklar
32428,1141,8,Rat des Entrailles
32429,18083,10,Haine vengeresse
32438,27970,7,Syreian la Sculpteuse d'os
32447,26589,4,Sentinelle de Zul'Drak
32471,25926,6,Griegen
32475,27973,1,Tisseuse de terreur
32481,27975,1,Aotona
32485,28052,1,Roi Krush
32487,27979,5,Putridus l'Antique
32495,27983,6,Hildana Voleuse-de-Mort
32500,27986,9,Dirkee
32501,27988,6,Grand thane Jorfus
32517,28010,1,Loque'nahak
32520,16480,10,Totally Generic Bunny (All Phase)
32627,26403,9,Engin de siège de Joug-d'hiver
32630,28110,2,Vyragosa
32841,16189,12,Ourson du Blizzard
32857,28324,7,Mande-foudre Brundir
32867,28344,5,Brise-acier
32871,28641,4,Algalon l'Observateur
32927,28381,7,Maître des runes Molgeim
32930,28638,5,Kologarn
33113,28875,9,Léviathan des flammes
33118,29185,5,Ignis le maître de la Fournaise
33186,28787,2,Tranchécaille
33271,28548,10,Général Vezax
33288,28817,10,Yogg-Saron
33293,28611,9,Déconstructeur XT-002
33410,28839,5,Freya
33411,28838,5,Hodir
33412,28845,5,Mimiron
33413,29039,5,Thorim
33515,28651,5,Auriaya
33552,20570,10,Yogg-Saron
33993,27108,5,Emalon le Guetteur d'orage
34496,29267,6,Eydis Plaie-sombre
34497,29240,6,Fjola Plaie-lumineuse
34564,29268,6,Anub'arak
34587,29279,12,Robo-baston
34715,29366,7,Capitaine des cieux « Poudreux » Tonnécrou
34717,29367,7,Matelot Vrilletuyère
34718,29368,7,Matelot Foutuboulon
34719,29369,7,Matelot Ducran
34721,29370,7,Second Ograh
34723,29371,7,Gardien Tolwe
34730,29375,7,Navigateur Zippik
34780,29615,3,Seigneur Jaraxxus
34797,21601,1,Glace-hurlante
34865,36101,1,Ver tunnelier
34928,29490,7,Confesseur d'argent Paletress
35013,29524,5,Koralon le Veilleur des flammes
35119,29616,0,Eadric le Pur
35451,29837,6,Le Chevalier noir
36476,30347,6,Ick
36477,30331,6,Krick
36494,30843,6,Maître-forge Gargivre
36497,30226,7,Bronjahm
36502,30148,6,Dévoreur d'âmes
36597,30721,6,Le roi-liche
36612,31119,6,Seigneur Gargamoelle
36613,32385,7,Gobeur
36626,31006,6,Pulentraille
36627,31005,6,Trognepus
36658,30277,7,Seigneur du Fléau Tyrannus
36678,30881,6,Professeur Putricide
36849,30353,7,Gardien du savoir de Talrendis
36853,30362,6,Sindragosa
36855,30893,6,Dame Murmemort
36871,30462,12,Chiot du magma
37490,1126,10,ELM General Purpose Bunny Infinite
37543,21955,10,[DND] Shaker
37574,21955,10,[DND] Shaker - Small
37813,30790,6,Porte-mort Saurcroc
37865,31174,12,Groopy
37955,31165,6,Reine de sang Lana'thel
37970,30858,6,Prince Valanar
38038,31350,10,Cible Tiki
38112,30972,6,Falric
38113,30973,6,Marwyn
38433,31089,5,Toravon la Sentinelle de glace
39378,33177,7,Rajh
39452,1035,1,Grincedent Gueule-d'effroi
39625,31498,2,Général Umbriss
39665,33147,7,Rom'ogg Broie-les-Os
39679,31546,7,Corla héraut du Crépuscule
39698,31710,2,Karsh Plielacier
39705,36465,4,Seigneur ascendant Obsidius
39863,31952,2,Halion
40168,11714,7,Dryade corrompue
40441,31847,7,Maître brasseur martyrisé
40463,31208,7,Subjugateur du Crépuscule
40484,33428,10,Erudax
40583,31948,7,Intercepteur des mers du Sud
40709,35064,7,Ascendant des flammes
40728,33618,1,Requin-baleine
40891,32170,7,Travailleur dranosh'ar
40892,32174,7,Surveillant dranosh'ar
40987,1137,5,Kigrince
41376,32716,2,Nefarian
41378,33186,2,Maloriak
41442,34547,2,Atramédès
41466,31809,7,Sentinelle d'Idra'kess
41467,32474,7,Enchanteresse d'Idra'kess
41570,32679,10,Magmagueule
42010,8749,7,Général Hache-sinistre
42078,32670,12,Mini Thor
42173,32703,10,Le tentacule de Coquoyeuse d’ambiance
42196,1126,10,ELM General Purpose Bunny Infinite (scale x2.5)
42333,26448,7,Grande prêtresse Azil
42334,32784,7,Marl Roncever
42339,28507,1,Crabe des canaux
42475,17450,4,Béhémoth fongique
42714,4734,1,Jeune chauve-souris
42851,32802,7,Revenant de Neptulon
42859,193,1,Pourceau adulte sauvage
43296,33308,1,Chimaeron
43324,34576,7,Cho'gall
43359,1126,10,ELM General Purpose Bunny Infinite Hide Body
43735,34825,4,Monstruosité en élémentium
43778,35606,9,Faucheur 5000
43875,35388,4,Asaad
43916,33559,12,Compagnon mécanique démilitarisé
44140,22712,10,PetWait Trigger
44199,38203,10,Anneau de givre
44214,33853,10,Orbe en flammes
44600,34816,7,Halfus Brise-Wyrm
45213,34335,2,Sinestra
45412,34837,6,Seigneur Aurius Vaillefendre
45681,24301,6,Garginox
46153,22003,1,Worg des hautes-terres
46180,34931,7,Ithurian Albepic
46254,501,7,Lardeur
46376,35059,7,Gunwald Barbe-grise
46377,35060,7,Cliff Tonnemar
46378,35061,7,Dillan MacHurley
46493,35108,7,Seigneur de guerre Halthar
46753,35248,4,Al'Akir
46756,35251,7,Karkrog l'Exterminateur
46885,35332,7,Grand chaman MacKilligan
46954,1126,10,Apparition ténébreuse
46962,34610,7,Baron Ashbury
46963,34612,7,Seigneur Walden
46964,34611,7,Seigneur Godfrey
47115,18041,1,Solitaire noire
47120,35426,3,Argaloth
47162,37410,7,Glubtok
47649,35760,11,Champignon sauvage
47739,1305,7,« Capitaine » Macaron
47944,37136,12,Jeune phénix sombre
48242,36220,12,Bébé tatou
48312,36104,7,Grand démoniste Xi'lun
48314,36105,7,Seigneur-dragon Neeralak
48316,35999,7,Général Thorg'izog
49541,32806,7,Vanessa VanCleef
49586,37200,12,Page de guilde
49748,36597,7,Héraut du héros
50058,37282,1,Terrorpene
50159,37352,1,Samba
50251,37415,4,Givrilicus
51090,37154,12,Tournesol chantant
51307,25182,7,[DND] Ouvrier du bâtiment gobelin
51346,37328,7,Coursier du vent d’Orgrimmar
51613,30576,7,Technicien de La Royale
52148,37789,7,Jin'do le Briseur de dieux
52151,37816,7,Seigneur sanglant Mandokir
52358,37850,7,Foltiff Tremblhoupette
52359,33303,10,Chariot jouet
52361,20570,10,Lapin de chariot jouet
52363,37876,0,
52409,37875,0,Ragnaros
52414,37877,1,Tor-Tun
52438,37904,3,Mortaxx
52440,22353,7,Gub
52498,38227,1,Beth’tilac
52530,38446,4,Alysrazor
52831,37712,12,Bébé de Berceau-de-l’Hiver
53055,38140,7,Ancien calcinécaille
53264,38255,4,Brûlerris
53265,38258,4,Kelbnar
53267,38012,4,Andrazor
53271,38674,4,Fah Jarakk
53475,38375,11,Flamme de cautérisation
53494,38621,4,Baleroc
53691,38448,0,Shannox
53759,38477,7,Reine braisetoile
53771,38675,7,Ancien béhémoth fumant
53772,38594,4,Seigneur Rhyolith
53834,38504,7,Messager dévot
53864,38591,7,Ancien seigneur du Feu
54438,38803,12,Diablourbie
54539,38343,12,Ballon de l’Alliance
