223,10619,7,Дэн Голтас
356,207,1,Черный волк
358,247,1,Лесной волк
416,4449,3,Бес
417,850,3,Охотник Скверны
510,525,4,Элементаль воды
639,2029,7,Эдвин ван Клиф
731,616,1,Король Бангалаш
864,4501,7,Каменорский орк
866,4503,7,Каменорский рубака
922,9571,1,Иловый краб
980,4562,7,Угрюмм
981,4561,7,Харташ
982,4563,7,Тулташ
983,4564,7,Тултазор
984,4565,7,Тралош
985,4556,7,Малош
986,4552,7,Харомм
987,4560,7,Огромм
988,4567,7,Кертош
989,4559,7,Баналаш
1088,699,1,Чудовищный краб
1383,4382,7,Рык
1386,4380,7,Рогвар
1412,134,8,Белка
1420,901,8,Жаба
1498,4055,7,Бетор Ледострел
1853,11070,7,Темный магистр Гандлинг
1860,1132,3,Демон Бездны
1863,4162,3,Суккуб
2050,4011,7,Роли Андреан
2110,1141,8,Черная крыса
2308,1585,7,Эндрю Браунелл
2458,2645,7,Рендольф Монтегю
2459,2641,7,Мортимер Монтегю
2492,2810,7,Лексингтон Мортейм
2523,4589,11,Опаляющий тотем
2671,7937,12,Механическая белка
2748,5988,5,Аркедас
2855,4384,7,Снанг
2857,4386,7,Тунд
2914,1206,8,Змея
2995,2098,7,Тал
2996,2104,7,Торн
2997,2110,7,Джин Каменное Копыто
2998,2090,7,Карн Каменное Копыто
2999,2100,7,Тавр Каменное Копыто
3003,2109,7,Фира Вестница Туманов
3019,2084,7,Дельго Тотем Ярости
3020,2085,7,Эту Тотем Ярости
3021,2089,7,Кард Тотем Ярости
3023,2125,7,Сура Буйногривая
3026,2107,7,Аска Вестница Туманов
3027,2095,7,Наал Вестник Туманов
3083,2140,7,Отважный страж
3084,2141,7,Страж утесов
3099,381,1,Лютый пятнистый вепрь
3108,999,1,Поросший водорослями краб
3144,1619,7,Эйтригг
3189,4073,7,Кор'гхан
3216,3754,7,Ниру Огненный Клинок
3225,744,1,Оскверненный крапчатый вепрь
3243,1973,1,Высокогрив саванны
3296,4259,7,Оргриммарский рубака
3300,1986,8,Аспид
3310,1311,7,Дорас
3312,1312,7,Олвия
3313,1313,7,Трак'ген
3314,1314,7,Уртаро
3315,1315,7,Тор'фан
3316,1316,7,Хандор
3317,1317,7,Олланус
3319,1319,7,Сана
3321,1321,7,Моргум
3322,1322,7,Каджа
3323,1323,7,Хортус
3324,1324,7,Гроль'дар
3325,1325,7,Миркета
3326,1326,7,Зеврост
3327,1327,7,Гест
3328,1328,7,Ормок
3329,1329,7,Кор'хус
3330,1330,7,Мурагус
3331,1331,7,Карехт
3332,1332,7,Лумак
3333,1333,7,Шанкис
3334,1334,7,Реккул
3335,1335,7,Хагрус
3342,1358,7,Шан'ти
3345,1366,7,Годан
3346,1367,7,Китхас
3347,1368,7,Йелмак
3348,1369,7,Кор'гельд
3350,1371,7,Азоран
3351,1372,7,Магениус
3352,1373,7,Ормак Лютострел
3353,1374,7,Грезз Десница Гнева
3354,1375,7,Сорек
3356,1378,7,Суми
3357,1379,7,Макару
3358,1380,7,Горина
3359,1381,7,Киро
3360,1382,7,Кору
3361,1383,7,Шома
3363,1385,7,Магар
3364,1386,7,Боря
3365,1387,7,Каролек
3366,1388,7,Тамар
3367,1389,7,Фелика
3368,1390,7,Борстан
3369,1391,7,Готри
3370,1392,7,Уртрун Кланотворец
3371,1393,7,Тамаро
3372,1394,7,Сарлек
3403,4231,7,Шиан'цу
3409,4363,7,Зендо'джиан
3412,7135,7,Ногг
3413,7136,7,Совик
3415,1056,1,Охотница саванны
3425,1973,1,Хищник саванны
3527,4587,11,Тотем исцеляющего потока
3573,4587,11,Тотем источника маны
3579,4588,11,Тотем каменного когтя
3622,4295,7,Грокор
3654,4088,7,Мутанус Пожиратель
3708,13970,7,Груна
3890,15032,7,Бракгуль Смертоносный
3975,2041,7,Ирод
3976,2042,7,Командир Алого ордена Могрейн
3977,2043,7,Верховный инквизитор Вайтмейн
4043,4612,7,Галтук
4047,4514,7,Зор Одинокое Дерево
4075,1141,8,Крыса
4076,2177,8,Таракан
4271,2327,1,Лютый волк
4272,2328,1,Темно-бурый волк
4275,2353,7,Верховный маг Аругал
4278,37287,6,Командир Спрингвейл
4304,35353,1,Ищейка из Алого ордена
4311,4515,7,Хольгар Топор Бури
4421,31042,7,Чарлга Остробок
4485,5535,7,Белгром Каменная Булава
4543,11396,6,Волшебник крови Талнос
4549,2655,7,Вильям Монтегю
4550,3942,6,Офелия Монтэгю
4551,2638,7,Майкл Гарретт
4552,2662,7,Эвника Барч
4553,2647,7,Рональд Берч
4554,2674,7,Шатенн Гризетт
4555,2660,7,Элинор Руск
4556,2629,7,Гордон Уиндем
4557,2636,7,Луис Уоррен
4558,2666,7,Лорен Ньюкомб
4559,2653,7,Тимоти Уэлдон
4560,2654,7,Уолтер Эллингсон
4561,2622,7,Даниэль Бартлетт
4562,2652,7,Томас Морден
4563,2675,7,Каел Жнец Душ
4564,2637,7,Лютер Пикман
4565,2646,7,Ричард Кервин
4566,10733,6,Келестия Ненавистница
4567,2644,7,Пирс Шеклтон
4568,2657,7,Анастасия Хартвелл
4570,2673,7,Сидни Аптон
4571,2640,7,Морли Бейтс
4572,2650,7,Сайлас Циммер
4573,2612,7,Арман Кромвель
4574,2667,7,Лизбет Кромвель
4575,2663,7,Ханна Экли
4576,2634,7,Джозеф Грегориан
4577,2671,7,Милли Грегориан
4578,2664,7,Джозефина Листер
4580,2668,7,Люсиль Кэслтон
4581,2648,7,Салазар Блох
4585,2625,7,Иезекииль Могиллан
4588,2613,7,Артур Мур
4589,2635,7,Джозеф Мур
4590,2633,7,Джонатан Чамберс
4591,2670,7,Мэри Эдрас
4596,2632,7,Джеймс ван Брюнт
4597,2649,7,Самуэль ван Брюнт
4598,2617,7,Бром Килиан
4599,2672,7,Сара Килиан
4600,2628,7,Джеффри Хартвелл
4601,2627,7,Фрэнсис Элиот
4602,2616,7,Бенидж Феннер
4603,2643,7,Николас Этвуд
4605,2615,7,Базиль Фрай
4613,2621,7,Кристофер Дракул
4616,12955,7,Лавиния Кроу
4617,2651,7,Таддеус Уэбб
4752,4464,7,Кильдар
4775,2811,7,Фелиция Доан
4829,2837,1,Аку'май
4887,37143,1,Гхаму-ра
4953,1986,8,Болотная гадюка
5052,2998,7,Эдвард Ремингтон
5054,3002,7,Крумн
5188,3128,7,Гарил
5189,3129,7,Трюмн
5190,3130,7,Мериль Плезир
5195,2328,1,Бурый верховой волк
5268,3201,1,Медведь-сталемех
5352,706,1,Старый Серобрюх
5416,4557,7,Секретный агент Марксен
5546,4550,7,Рубака Зуул
5547,4548,7,Рубака Тарлак
5591,3508,7,Дар
5597,3546,7,Рубака Комак
5603,3564,7,Рубака Моика
5606,3604,7,Гома
5609,3605,7,Зазо
5610,7137,7,Козиш
5611,3606,7,Кабатчик Мораг
5613,3608,7,Дойо'да
5614,3609,7,Сарок
5624,10699,6,Страж Подгорода
5639,3758,7,Кравен Дрок
5651,6228,7,Патрик Гарретт
5669,4010,7,Хелена Этвуд
5674,3020,9,Тренировочная цель
5675,3948,7,Карендин Халгар
5693,4020,7,Годрик Фарсан
5700,4057,7,Саманта Шеклтон
5701,4058,7,Селина Пикман
5702,4059,7,Жезель Пруитт
5703,4060,7,Уинифред Кервин
5704,4061,7,Адриан Бартлет
5705,4062,7,Виктор Бартоломью
5706,4063,7,Давитт Хиксон
5707,4064,7,Реджинальд Гримсфорд
5709,7806,2,Тень Эраникуса
5726,850,3,Охотник Скверны Жезели
5727,2346,3,Конь Скверны Жезели
5728,10923,3,Суккуб Жезели
5729,1130,3,Демон Бездны Жезели
5730,4449,3,Бес Жезели
5732,4109,7,Аптекарь Катрина
5753,4149,7,Марта Стрейн
5754,4150,7,Зейн Бредфорд
5811,4350,7,Камари
5812,4351,7,Туми
5815,4354,7,Кургул
5816,4355,7,Катис
5817,4356,7,Шимра
5819,4378,7,Мирель Тремейн
5820,4379,7,Джиллиан Мур
5821,4381,7,Шелдон фон Круа
5828,4424,1,Вожак стаи Хумар
5855,35201,4,Элементаль магмы
5873,4588,11,Тотем каменной кожи
5875,4492,7,Ган'рул Кровавый Глаз
5892,4534,7,Хранитель огня Чаду
5909,4545,7,Казул
5913,4588,11,Тотем трепета
5925,4590,11,Тотем заземления
5927,4587,11,Тотем сопротивления силам стихий
5929,4589,11,Тотем магмы
5950,4589,11,Тотем языка пламени
5951,1560,8,Заяц
5983,16882,1,Костегрыз - поедатель Скверны
5985,2714,1,Хохочущая гиена
5990,2743,1,Краснокаменный василиск
5992,3026,1,Пеплогривый кабан
5996,6719,7,Рудокоп из крепости Стражей Пустоты
5997,6711,7,Инженер из крепости Стражей Пустоты
5998,6723,7,Штейгер из крепости Стражей Пустоты
6010,1913,3,Гончая Скверны
6011,9017,3,Караульный-страж Скверны
6026,4725,7,Брейк
6075,4806,1,Изумрудный ящер
6112,4590,11,Тотем неистовства ветра
6271,4959,8,Мышь
6293,4987,7,Йорах Аннисон
6410,5372,7,Орм Каменное Копыто
6411,5235,7,Велора Нители
6466,5205,7,Гамон
6487,5266,7,Чародей Доан
6514,844,1,Ун'горская горилла
6653,5379,8,Огромная жаба
6741,5449,7,Хозяин таверны Норман
6746,5487,7,Трактирщица Пала
6827,5557,8,Береговой краб
6929,5706,7,Хозяйка таверны Гришка
6930,5707,7,Хозяин таверны Каракуль
6986,5769,7,Дран Дрофферс
6987,5770,7,Мальтон Дрофферс
7010,6839,7,Зилзибин Барабанный Бой
7026,6046,7,Колдун из клана Черной горы
7027,6047,7,Душегуб из клана Черной горы
7031,2075,4,Обсидиановый элементаль
7032,5781,4,Большой обсидиановый элементаль
7033,11549,7,Огр из клана Огненного Чрева
7034,11550,7,Огр-маг из клана Огненного Чрева
7035,10707,7,Громила из клана Огненного Чрева
7036,6649,7,Шпион Тауриссана
7037,8170,7,Огнеход Тауриссана
7038,6668,7,Посланник Тауриссана
7039,10806,4,Боевой разоритель
7040,143,2,Черный драконоид
7041,8249,2,Черная драконида
7049,457,2,Огнечешуйчатый дракончик
7055,741,1,Ворг из клана Черной горы
7087,5845,7,Киллиан Хаги
7088,5846,7,Тьюд
7230,6005,7,Шайс Холодная Ярость
7231,6006,7,Келгрук Кровавый Топор
7267,6439,7,Вождь Укорз Песчаный Череп
7358,32610,6,Амненнар Хладовей
7380,5585,12,Сиамская кошка
7381,5555,12,Серебристая полосатая кошка
7382,5554,12,Рыжая полосатая кошка
7383,5448,12,Серая полосатая кошка
7384,5586,12,Корниш-рекс
7385,5556,12,Бомбейская кошка
7387,5207,12,Зеленокрылый ара
7389,6190,12,Сенегальский попугай
7390,6191,12,Макао
7394,5369,12,Анконская курица
7395,2177,12,Тараканище
7432,11445,1,Ловчий ледопард
7549,6295,12,Древесная лягушка
7550,901,12,Лесная лягушка
7553,4615,12,Большая рогатая сова
7555,6299,12,Ястребиная сова
7560,328,12,Белый кролик
7561,2955,12,Змейка-альбинос
7562,2957,12,Бурая змейка
7565,1206,12,Черная королевская змейка
7567,6303,12,Багровая змея
7572,6775,7,Павший герой Орды
7623,6571,7,Командир разведотряда Руаг
7683,6837,7,Алессандро Лука
7707,6472,1,Бирюзовый ящер
7708,6473,1,Фиолетовый ящер
7792,6843,7,Атурк Наковальня
7793,6854,7,Окс
7800,36563,9,Анжинер Термоштепсель
7951,15352,7,Зас'Тиш
7980,7117,7,Страж смерти - гвардеец
8176,7384,7,Гхарраш
8177,7389,7,Рартар
8301,15433,1,Щелкун Разоритель
8338,7765,7,Стрелок из клана Черного Железа
8356,7621,7,Чесму
8357,7620,7,Атепа
8358,7622,7,Хева
8359,7623,7,Ахану
8360,7624,7,Элки
8361,7625,7,Чепи
8362,7626,7,Курук
8363,7628,7,Шади Вестница Туманов
8364,7627,7,Паква
8398,10689,7,Оханко
8403,7632,7,Иеремия Пейсон
8566,7865,7,Наблюдатель из клана Черного Железа
8672,7995,7,Аукционистка Лика
8674,7999,7,Аукционист Штампи
8721,7994,7,Аукционистка Эпитви
8913,8772,7,Сумеречный эмиссар
8983,8759,7,Повелитель големов Аргелмах
9016,12162,5,Бейл'Гор
9019,8807,7,Император Дагран Тауриссан
9033,8756,7,Генерал Кузня Гнева
9043,8899,7,Рубака из легиона Изрубленного Щита
9044,8901,7,Караульный из легиона Изрубленного Щита
9046,8900,7,Интендант из легиона Изрубленного Щита
9317,8631,7,Рилли Грязегоб
9318,8509,1,Пламезавр
9564,8848,7,Фрезза
9568,8711,2,Властитель Змейталак
9602,11564,7,Хак'Зор
9656,8909,12,Крошечная ходячая бомба
9657,8910,12,Крошка Дымок
9690,9371,1,Пепельный ворг
9691,8970,1,Ядожалый скорпид
9697,9370,1,Огромный пепельный ворг
9699,8971,8,Огненный жук
9700,5560,8,Лавовый краб
9776,10815,3,Огненный злопыхатель
9778,10817,3,Огненный факельщик
9779,10814,3,Пламенеющий яростень
10049,9268,7,Хеккру
10053,9273,7,Аня Молрэ
10054,9272,7,Балруг
10078,37683,3,Искра Ужаса
10119,12232,5,Волкан
10181,28213,7,Леди Сильвана Ветрокрылая
10184,8570,2,Ониксия
10260,9561,7,Киблер
10262,9556,1,Опус
10278,9742,7,Траг Каменное Копыто
10363,10115,2,Генерал Драккисат
10440,10729,6,Барон Ривендер
10508,7919,6,Рас Ледяной Шепот
10781,10130,7,Королевский Инспектор Баухас
10813,34424,3,Бальназар
10879,10187,7,Предвестник Балтазад
10880,10186,7,Военный глашатай Горлач
10881,10188,7,Вестник Утеса Быстрое Копыто
10928,4162,3,Суккуб-прислужница
11017,10472,7,Роксик
11048,10580,7,Виктор Уорд
11049,10581,7,Рианнон Дэвис
11066,10589,7,Джаг
11067,10590,7,Малькомб Уинн
11153,10670,6,Красный конь-скелет
11154,10671,6,Синий конь-скелет
11155,10672,6,Гнедой конь-скелет
11156,10720,6,Зеленый боевой конь-скелет
11176,10695,7,Крахток Литой Кулак
11177,10696,7,Окофус Жарбулат
11178,10697,7,Боргош Сгибатель
11492,14416,3,Алззин Перевертень
11496,14173,3,Бессмер'тер
11501,11583,7,Король Гордок
11502,11121,4,Рагнарос
11520,7970,7,Тарагаман Ненасытный
11583,11380,2,Нефариан
11673,12189,1,Древняя гончая Недр
11689,11641,1,Бурый кодо
12136,12229,7,Снорк Следопутка
12149,12246,1,Серый кодо
12201,12292,4,Принцесса Терадрас
12353,247,1,Верховой лесной волк
12796,12678,7,Налетчик Борк
12807,12689,7,Грешка
13177,1652,7,Вагрук
13417,13341,7,Сагорн Гривастый Странник
13842,13843,7,Посол клана Северного Волка Рокстром
14304,14360,7,Кор'кронский гвардеец
14330,14388,1,Черный боевой ящер
14356,14389,1,Остроспинная бешенка
14375,14413,7,Разведчик Твердорук
14376,14414,7,Разведчик-душегуб
14377,14415,7,Разведчик Тарр
14392,14429,7,Властитель Рунтак
14421,1072,12,Бурая луговая собачка
14440,14494,7,Охотник Ветер Мудрости
14441,14495,7,Охотник Тотем Ярости
14442,14496,7,Охотник Громовой Рог
14451,14499,7,Попечительница сирот Батлвейл
14498,3850,7,Тосамина
14499,14589,7,Ордынский сирота
14539,14575,1,Стремительный лесной волк
14540,14573,1,Стремительный бурый волк
14541,14574,1,Стремительный серый волк
14542,14349,1,Огромный белый кодо
14543,14344,1,Стремительный оливковый ящер
14544,14342,1,Стремительный оранжевый ящер
14545,14339,1,Стремительный синий ящер
14549,14578,1,Огромный бурый кодо
14550,14579,1,Огромный серый кодо
14558,10721,6,Лиловый боевой конь-скелет
14834,15295,10,Хаккар
14881,2536,8,Паук
15105,15247,7,Военный атташе клана Песни Войны
15116,15237,7,Гринкль
15186,15369,12,Мурчаль
15188,15322,7,Кенарийский эмиссар Черное Копыто
15339,15432,10,Оссириан Неуязвимый
15352,14511,4,Большой элементаль земли
15430,4588,11,Тотем элементаля земли
15438,1204,4,Большой элементаль огня
15439,4589,11,Тотем элементаля огня
15447,4590,11,Тотем гнева воздуха
15476,15469,8,Скорпион
15666,15672,10,Синий киражский боевой танк
15675,15782,7,Аукционист Складник
15676,15784,7,Аукционист Нуда
15682,15780,7,Аукционист Кейн
15683,7995,7,Аукционистка Наксремис
15684,15783,7,Аукционистка Трикет
15686,15781,7,Аукционистка Райкер
15690,19274,3,Принц Малчезар
15698,15660,12,Помощник дедушки Зимы
15706,15904,12,Северный олень
15710,15671,12,Снеговичок
15714,15680,10,Желтый киражский боевой танк
15727,15787,10,К'Тун
15928,16137,6,Таддиус
15931,16035,6,Гроббулус
15932,16064,6,Глут
15936,16309,6,Хейган Нечестивый
15952,15928,1,Мексна
15953,15940,7,Великая вдова Фарлина
15954,16590,6,Нот Чумной
15956,15931,6,Ануб'Рекан
15989,16033,6,Сапфирон
15990,15945,6,Кел'Тузад
16011,16110,6,Лотхиб
16012,15966,7,Моквар
16028,16174,6,Лоскутик
16030,9904,8,Червь
16060,16279,6,Готик Жнец
16061,16582,6,Инструктор Разувий
16063,16154,6,Сэр Зелиек
16064,16155,6,Тан Кортазз
16068,9906,8,Личинка
16069,15984,12,Гурчаль
16076,15988,7,Тарл Кровавик
16085,15992,12,Мелкошустр
16802,17122,7,Лор'темар Терон
16808,19799,7,Вождь Каргат Острорук
16998,16622,8,Мистер Бигглсуорт
17098,16850,7,Посол Певица Рассвета
17109,16859,7,Серсея Певица Заката
17144,20763,1,Жуткозуб
17252,14255,3,Страж Скверны
17257,18527,3,Магтеридон
17280,14334,1,Бойцовый пес из клана Изувеченной Длани
17308,18237,3,Омор Неодолимый
17377,17153,7,Кели'дан Разрушитель
17468,17822,7,Пророк Велен
17536,18812,2,Назан
17648,10950,3,Прислужник Скверны
17798,20235,7,Полководец Калитреш
17881,20510,2,Эонус
17882,18194,1,Черная Охотница
17942,18224,5,Зыбун
17968,20939,3,Архимонд
17977,19438,4,Узлодревень
18096,19135,2,Охотник Вечности
18344,19780,7,Принц Шаффар
18363,17699,1,Рыжий ветрокрыл
18364,17700,1,Синий ветрокрыл
18365,17701,1,Зеленый ветрокрыл
18373,17715,7,Экзарх Маладаар
18377,17719,1,Стремительный красный ветрокрыл
18378,17720,1,Стремительный зеленый ветрокрыл
18379,17721,1,Стремительный лиловый ветрокрыл
18380,17722,1,Стремительный желтый ветрокрыл
18473,18636,7,Король воронов Айкисс
18677,20761,7,Мекторг Дикий
18678,17445,10,Обжорень
18679,20044,3,Воракем Глашатай Судьбы
18680,20770,1,Мартикар
18681,20768,7,Эмиссар резервуара Кривого Клыка
18682,20769,4,Трясинный скрытень
18683,19681,3,Охотник Бездны Яр
18685,20766,7,Окрек
18686,20767,7,Вестник рока Джурим
18689,12073,6,Расчленитель
18690,20862,5,Моркруш
18692,8574,2,Гематион
18693,20762,7,Проповедник Маргром
18694,20590,3,Страж портала Коллидус
18695,11347,3,Посол Жеррикар
18696,20810,3,Краатор
18697,20765,7,Главный инженер Лортандер
18698,20764,4,Недремлющий Каратель
18708,18839,4,Бормотун
19044,18698,7,Груул Драконобой
19189,20062,1,Перозубый быстролап
19220,20033,7,Паталеон Вычислитель
19280,18696,1,Красный крылобег
19281,18697,1,Стремительный розовый крылобег
19622,20023,7,Кель'тас Солнечный Скиталец
20217,19479,1,Лиловый крылобег
20220,19480,1,Синий крылобег
20222,19478,1,Черный крылобег
20223,19482,1,Стремительный лиловый крылобег
20224,19484,1,Стремительный зеленый крылобег
20330,19531,1,Боевой ворг клана Кровавого Молота
20408,19600,12,Детеныш маназмея
20472,4626,12,Бурый кролик
20725,4732,8,Летучая мышь
20912,19943,10,Предвестник Скайрисс
20932,19913,1,Нурамок
21008,19985,12,Желтый мотылек
21009,19986,12,Красный мотылек
21010,19987,12,Синий мотылек
21018,19999,12,Белый мотылек
21022,19705,1,Лесная рысь
21055,20026,12,Детеныш золотистого дракондора
21056,20029,12,Детеныш синего дракондора
21063,20037,12,Детеныш серебряного дракондора
21064,20027,12,Детеныш красного дракондора
21212,20748,7,Леди Вайш
22917,21135,3,Иллидан Ярость Бури
22943,22349,12,Зайцелоп
23128,21264,7,Наставник Огненор
23274,16633,12,Вонюша
23408,21473,6,Повелитель воронов
23635,8848,7,Крикс
23682,22351,10,Всадник без головы
23713,8848,7,Кракс
23837,1126,10,ELM General Purpose Bunny
23863,38118,7,Даакара
23872,21824,7,Корен Худовар
23909,21900,12,Зловещая тыковка
23953,25338,6,Принц Келесет
23980,26351,6,Ингвар Расхититель
24128,22003,1,Дикий ворг
24174,22175,8,Крыса фьорда
24200,22194,7,Скарвальд Строитель
24201,26349,7,Далронн Контролирующий
24270,15554,8,Всепожирающая личинка
24664,22906,7,Кель'тас Солнечный Скиталец
24924,22739,7,Небесный капитан Бумвзрыв
24926,22740,7,Старший офицер Медноштиф
24927,22743,7,Штурман Архивольт
24929,22744,7,Техник Перекрест
24930,22745,7,Техник Финтифлюк
24931,22746,7,Техник Быстроверт
24934,22750,10,Вкусоматик IV
24935,22750,10,Торг-о-трон делюкс
25071,22884,7,Техник Ржавомолот
25075,22873,10,Панель управления дирижаблем
25080,4259,7,Рубака Умгор
25081,4260,7,Рубака Унда
25171,1126,10,Невидимый охотник (шкала x0.5)
25315,23200,3,Кил'джеден
25675,22044,1,Тундровый волк
25740,23344,4,Ахун
26125,24994,6,Восставший вурдалак
26529,26579,6,Мясной Крюк
26530,26581,7,Салрамм Плоторез
26532,26580,2,Хронолорд Эпох
26533,26582,3,Мал'Ганис
26537,24164,7,Гриб Ракетокрыл
26555,12818,6,Увалень из Плети
26630,26352,6,Кровотролль
26631,26292,6,Новос Призыватель
26632,27072,6,Пророк Тарон'джа
26668,26096,6,Свала Вечноскорбящая
26687,27419,7,Горток Бледное Копыто
26693,27418,6,Скади Безжалостный
26723,24307,2,Керистраза
26731,24066,7,Великая ведунья Телестра
26763,26259,4,Аномалус
26794,26298,4,Орморок Воспитатель Дерев
26861,28019,6,Король Имирон
27447,27033,2,Варос Заоблачный Странник
27483,5240,1,Король Дред
27489,22493,7,Рай'ма
27654,27032,2,Дракос Дознаватель
27655,25010,7,Маг-лорд Уром
27656,27034,2,Хранитель энергии Эрегос
27684,24745,1,Стремительная жевра
27705,24754,7,Лоррин Рыжий Лис
27811,24981,7,Продавец пива
27881,23884,9,Катапульта Озера Ледяных Оков
27975,26657,10,Дева Скорби
27977,20909,5,Кристаллус
27978,27483,7,Сьоннир Литейщик
28094,27658,9,Разрушитель Озера Ледяных Оков
28202,1141,8,Зул'дракская крыса
28312,25292,9,Осадная машина Озера Ледяных Оков
28366,27101,9,Башенная пушка Озера Ледяных Оков
28546,27484,4,Ионар
28586,27301,7,Генерал Бьярнгрим
28587,27071,5,Волхан
28684,27394,6,Крик'тир Хранитель Врат
28859,26752,2,Малигос
28860,27035,2,Сартарион
28921,26776,1,Хадронокс
28923,27485,10,Локен
29095,25902,7,Эдвард Кэрн
29120,27856,6,Ануб'арак
29139,25624,7,Назник Чистобрей
29143,25955,7,Бебри Кудрешлем
29147,28089,12,Призрачный череп
29238,26064,6,Призрак Плети
29266,27486,7,Ксевозз
29304,27422,7,Слад'ран
29305,27059,7,Мураби
29306,27061,7,Гал'дара
29307,26589,9,Колосс Драккари
29308,27406,7,Принц Талдарам
29309,27407,6,Старейшина Надокс
29310,26777,7,Джедога Искательница Теней
29311,27408,10,Глашатай Волаж
29312,10193,1,Лавантор
29313,27487,4,Гнойрон
29314,27855,3,Зурамат Уничтожитель
29315,27488,7,Эрекем
29316,20590,3,Морагг
29358,26331,1,Ледяной ворг
29611,28127,7,Король Вариан Ринн
29726,26452,12,Мистер Холодок
29932,26644,7,Эк Свирепый
30258,28133,4,Аманитар
30379,304,12,Цыпленок Западного края
30449,27039,2,Весперон
30451,27421,2,Шадрон
30452,27082,2,Тенеброн
30611,27164,7,Грила "Рубака" Цепетяг
30711,27260,7,Марго Парчли
30729,27294,7,Икабод Пимлен
31125,26967,5,Аркавон Страж Камня
31134,27508,2,Синигоса
31144,16074,9,Тренировочный манекен
31146,27510,9,Тренировочный манекен рейдера
31717,25833,2,Верховой бронзовый дракон
31720,27686,7,Техник Подметун
31723,27684,7,Техник Катальщик
31724,27685,7,Техник Кривоплут
31725,27687,7,Небесный капитан Ля Фонтан
31726,4602,7,Рубака Гритч
31727,4601,7,Рубака Грики
31755,913,10,Отдыхающий охотничий питомец
31756,193,10,Отдыхающий охотничий питомец
31757,27727,10,Отдыхающий охотничий питомец
31758,27692,10,Отдыхающий охотничий питомец
31768,23513,10,Отдыхающий охотничий питомец
31769,23517,10,Отдыхающий охотничий питомец
31850,27245,1,Черный боевой мамонт
31889,134,8,Белка Седых холмов
31902,28044,2,Красный протодракон
32158,25836,2,Дракон-альбинос
32205,27819,1,Черный боевой медведь
32207,27821,1,Бронированный бурый медведь
32258,15467,8,Золотой жук
32261,27861,8,Хрустальный паук
32273,19326,2,Осквернитель из рода Бесконечности
32357,24960,4,Старый кристальный древень
32358,24103,9,Фумблуб Ветрозуб
32361,26286,1,Ледорог
32377,28051,7,Перобас Кровожадный
32386,27063,7,Вигдис Воительница
32398,27950,1,Король Пинг
32400,27951,1,Тюкмут
32409,28284,7,Обезумевший беглец из деревни Инду'ле
32417,10294,7,Верховный лорд Алого Натиска Дайон
32422,26663,5,Гроклар
32428,1141,8,Крыса Клоаки
32429,18083,10,Пылающая ненависть
32438,27970,7,Сирейна Костерез
32447,26589,4,Часовой Зул'драка
32471,25926,6,Григен
32475,27973,1,Ткач ужаса
32481,27975,1,Аотона
32485,28052,1,Король Круш
32487,27979,5,Гниллий Древний
32495,27983,6,Хильдана Похитительница Смерти
32500,27986,9,Дирки
32501,27988,6,Верховный тан Йорфус
32517,28010,1,Локе'нахак
32589,28214,12,Скворчонок
32590,28215,12,Белый скворчонок
32591,28084,12,Детеныш кобры
32592,28217,12,Протодракончик
32627,26403,9,Осадная машина Озера Ледяных Оков
32630,28110,2,Вирагоса
32641,28120,7,Дрикс Злобноверт
32642,28118,7,Моджодишу
32666,3019,9,Тренировочный манекен
32667,28047,9,Тренировочный манекен
32791,6302,12,Весенний кролик
32818,21774,12,Жирная индейка
32857,28324,7,Буревестник Брундир
32867,28344,5,Сталелом
32871,28641,4,Алгалон Наблюдатель
32927,28381,7,Мастер рун Молгейм
32930,28638,5,Кологарн
33113,28875,9,Огненный Левиафан
33118,29185,5,Повелитель Горнов Игнис
33186,28787,2,Острокрылая
33239,28948,12,Орчонок из Серебряного Авангарда
33271,28548,10,Генерал Везакс
33288,28817,10,Йогг-Сарон
33293,28611,9,Разрушитель XT-002
33410,28839,5,Фрейя
33411,28838,5,Ходир
33412,28845,5,Мимирон
33413,29039,5,Торим
33515,28651,5,Ауриайя
33552,20570,10,Йогг-Сарон
33993,27108,5,Эмалон Страж Бури
34155,12241,1,Белый кодо
34238,29130,6,Черный конь-скелет
34281,20570,10,[DND]Azeroth Children's Week Trigger
34496,29267,6,Эйдис Погибель Тьмы
34497,29240,6,Фьола Погибель Света
34549,14343,1,Стремительный лиловый ящер
34564,29268,6,Ануб'арак
34715,29366,7,Небесный капитан "Пылюга" Гайкотер
34717,29367,7,Техник Кремальера
34718,29368,7,Техник Ригель
34719,29369,7,Техник Дробз
34721,29370,7,Старший офицер Огра
34723,29371,7,Дозорный Толве
34730,29375,7,Штурман Борзик
34765,29396,7,Зелли Керосинка
34780,29615,3,Лорд Джараксус
34797,21601,1,Ледяной Рев
34928,29490,7,Исповедница Серебряного Авангарда Пейлтресс
34955,29496,7,Карг Кровавый Череп
35013,29524,5,Коралон Страж Огня
35068,29569,7,Готура Четыре Ветра
35119,29616,0,Эдрик Чистый
35169,29754,6,Коричневый боевой конь-скелет
35189,29673,1,Сколл
35364,29795,7,Слотц
35387,29802,12,Прыгающий детеныш
35451,29837,6,Черный рыцарь
35646,29886,9,Червоточина
35845,328,10,Dave's Industrial Light and Magic Bunny (Small)(Sessile)
36213,30063,7,Кор'кронский надзиратель
36226,30073,7,Темный следопыт Синдия
36476,30347,6,Ик
36477,30331,6,Крик
36494,30843,6,Начальник кузни Гархлад
36497,30226,7,Броньям
36502,30148,6,Пожиратель Душ
36597,30721,6,Король-лич
36607,30356,12,Дракончик Ониксии
36612,31119,6,Лорд Ребрад
36626,31006,6,Тухлопуз
36627,31005,6,Гниломорд
36648,30272,7,Бейн Кровавое Копыто
36658,30277,7,Повелитель Плети Тираний
36678,30881,6,Профессор Мерзоцид
36853,30362,6,Синдрагоса
36855,30893,6,Леди Смертный Шепот
36883,30366,1,Кодо служителя солнца
37059,30501,1,Большой кодо служителя солнца
37072,4382,7,Рогг
37543,21955,10,[DND] Shaker
37574,21955,10,[DND] Shaker - Small
37813,30790,6,Саурфанг Смертоносный
37865,31174,12,Карликовый пугель
37955,31165,6,Кровавая королева Лана'тель
37970,30858,6,Принц Валанар
38112,30972,6,Фалрик
38113,30973,6,Марвин
38433,31089,5,Торавон Страж Льда
38821,328,10,Dave's Industrial Light and Magic Bunny (Medium)(Sessile)
38984,1126,10,ELM General Purpose Bunny (scale x2) Large
39145,31327,12,Сляк
39161,1129,12,Земельник-хранитель
39308,4626,10,Пляжный шезлонг
39378,33177,7,Радж
39379,19017,7,Гор "Головорез"
39380,4366,7,Шин Каменостолб
39605,32904,7,Гаррош Адский Крик
39625,31498,2,Генерал Умбрисс
39665,33147,7,Ром'огг Костекрушитель
39679,31546,7,Глашатай сумрака Корла
39698,31710,2,Карш Гнущий Сталь
39705,36465,4,Повелитель Перерожденных Обсидий
39859,328,10,Dave's Industrial Light and Magic Bunny (Large)(Sessile)
39863,31952,2,Халион
40054,34956,1,Морской конек Бездны
40064,599,1,Тропическая пантера
40484,33428,10,Эрудакс
40728,33618,1,Китовая акула
40891,32170,7,Рабочий Дранош'ара
40892,32174,7,Надзиратель Дранош'ара
41124,32317,7,Окрилла
41125,32318,7,Магистр Айтокк
41127,11549,7,Пленник клана Молота Ужаса
41136,14401,7,Душитель из клана Молота Ужаса
41138,14360,7,Защитник Окрил'лона
41158,6727,7,Защитник крепости Стражей Пустоты
41159,32328,7,Дозорный Ваззик
41173,32330,7,Главный геолог Хондо
41266,32237,10,Goblin Hot Air Balloon
41376,32716,2,Нефариан
41378,33186,2,Малориак
41442,34547,2,Атрамед
41570,32679,10,Магмарь
41967,32645,11,Тотем каменной кожи
42078,32670,12,Игрушечный Тор
42183,32707,12,Золотой наездник
42232,22903,7,Okril'lon Weapons Crate Bunny
42299,32769,7,Дозорный Гримео
42301,32770,7,Часовой портала Орды
42333,26448,7,Верховная жрица Азил
42359,14360,7,Пехотинец Окрил'лона
42506,32925,7,Марогг
42548,32939,1,Ильный рак
42594,33064,7,Оргриммарский вор
42638,32982,7,Эрезегор Огнеклык
42709,33032,7,Греви
42721,23518,1,Молодой ящер
42775,33057,7,Портовый рабочий картеля Трюмных Вод
42859,193,1,Дикий взрослый кабан
43050,30184,1,Долинный ревун
43062,4368,7,Борт
43086,33201,7,Скизи
43121,33226,7,Преда
43239,35301,7,Разгар
43296,33308,1,Химерон
43324,34576,7,Чо'Галл
43359,1126,10,ELM General Purpose Bunny Infinite Hide Body
43499,11686,10,Освящение
43735,34825,4,Элементиевое чудовище
43778,35606,9,Врагорез-5000
43875,35388,4,Асаад
44011,5489,4,Илистый элементаль воды
44013,33622,7,Военный атташе клана Драконьей Пасти
44140,22712,10,PetWait Trigger
44158,33698,7,Работник воздушного сообщения
44160,33698,7,Подозрительный батрак
44169,33263,7,Зела
44309,33823,7,Трактирщик Грак
44310,33822,7,Крофф
44311,33820,7,Надзирательница Струк
44312,33818,7,Буфетчик Браф
44313,33817,7,Нека
44338,304,8,Белая курица
44343,33795,7,Интендант Декрок
44600,34816,7,Халфий Змеерез
44723,34045,7,Нау Яростное Копыто
44725,34047,7,Служитель рассвета Атомо
44726,34046,7,Шалла Белый Лист
44735,34049,7,Ясновидица Ливата
44740,34058,7,Саи Певица Облаков
44743,34059,7,Нои Равнинный Скиталец
44745,30501,1,Кодо служителя рассвета Атомо
44758,34062,7,Молотобоец из клана Мо'Грош
44770,34066,7,Татепи
44771,33538,7,Гор'креш
44779,34107,7,Овато
44780,34108,7,Исаши
44781,34112,7,Опуно Железный Рог
44782,34113,7,Ренто
44787,34110,7,Аукционистка Совата
44788,34111,7,Лонто
44851,34136,7,Мезлик
44852,34139,7,Рилгиз
44853,34141,7,Бранзлит
44854,34143,7,Кикса
44856,34144,7,Перикса
44865,34154,7,Аукционист Фаздран
44866,34155,7,Аукционист Дрезмит
44867,34156,7,Аукционистка Ралинза
44868,34157,7,Аукционистка Зифа
44871,9133,7,Рубака Деспор
44872,8000,7,Рубака Вобан
44874,8001,7,Рубака Вешак
44876,1318,7,Рубака Кома
44877,1320,7,Рубака Соран
44878,1310,7,Рубака Карус
44918,34184,7,Дракма
44919,34185,7,Мазта
44948,30413,12,Детеныш ветрокрыла
45185,34307,9,Крошшер с алмазными лезвиями
45202,10270,1,Облезлая гиена
45213,34335,2,Синестра
45230,2141,7,Оргриммарский храбрец
45244,34340,7,Предсказатель Крогар
45337,34406,7,Тиелис
45339,34412,7,Темный священник Сесиль
45412,34837,6,Лорд Аурий Ривендер
45510,34528,10,Щупальце Изо'рата
45511,34529,10,Щупальце Изо'рата
45553,34562,7,Денк Ордозиаст
45558,34564,7,Лизна Златопрягс
45559,34565,7,Ниви Заплетайминс
45566,34568,7,Танзи
45693,34625,10,Щупальце Изо'рата
45694,34626,10,Щупальце Изо'рата
45714,34634,7,Кудесница Миксли
45720,34638,7,Ведьма Казрали
45780,4449,3,Нипнук
45786,34672,7,Торговый барон Сереблекс
45787,17456,7,Громила из клана Кровавого Глаза
45789,34673,7,Беззил
45791,34674,7,Рабочий Веслотопи
45798,34676,7,Воин Тукмака
45807,807,1,Острозубый кроколиск
45809,3900,7,Береговой макрура
45814,34692,7,Оргриммарский костолом
45822,34692,7,Отдыхающий костолом
45825,38,1,Водный долгоног
45830,32996,7,Отдыхающий осадник
45838,34706,7,Сумеречный эттин
45852,34711,7,Пляжник Веслотопи
45856,34712,7,Пляжница Веслотопи
46010,34972,7,Броно Калибраль
46140,15511,7,Страж делегации Луносвета
46142,7117,7,Страж смерти делегации Отрекшихся
46153,22003,1,Ворг нагорья
46181,34932,7,Чародей Фарендин
46182,34941,7,Пьер Рыбачелло
46184,34943,7,Шкуродер Сельма
46187,34944,7,Выпивоха Болотных Волн
46188,34948,7,Зазывала Веслотопи
46189,34951,7,Каменорский выпивоха
46190,34953,7,Костелом Веслотопи
46202,14703,6,Темный убийца
46203,34959,7,Сумеречный защитник
46204,31510,7,Порочный повелитель стихий
46205,34966,7,Ветеран цитадели
46242,32957,7,Заклинательница земли Ева
46243,32963,7,Посвященный Клондацк
46254,501,7,Дробитель
46256,35978,7,Эдемантий
46258,35980,7,Апексар
46310,35019,7,Мародер клана Драконьей Пасти
46318,35026,7,Харккан
46319,35027,7,Грифф
46320,35028,7,Передовой боец Громового Молота
46321,35033,7,Наездник Громтара
46324,35039,7,Маллия
46327,34998,4,Пленный инфернал
46328,34546,4,Пленный шторм
46329,34269,4,Пленный изводень
46332,35043,4,Освобожденный шторм
46357,35051,7,Гонто
46358,35052,7,Лута
46359,35053,7,Пунра
46376,35059,7,Гунвальд Седобород
46377,35060,7,Клифф Громтар
46378,35061,7,Диллан Макхарли
46399,34706,7,Слепой Страж
46416,34652,2,Сумеречный ужас небес
46418,35092,2,Лирастраза
46486,10038,7,Каменорский пеон
46490,35107,10,Защитник древних королей
46493,35108,7,Полководец Халтар
46512,35133,7,Нарос
46555,35141,7,Гунра
46556,35140,7,Джамуз'Ваз
46572,35148,7,Горам
46578,35146,7,Сумеречный шахтер
46579,21634,7,Инспектор глубин
46580,34069,1,Элементиевый прядильщик
46605,3494,6,Моряк-утопленник
46610,35147,7,Сумеречный шахтер
46611,14508,4,Магмазуб
46618,35183,7,Фиби
46619,35184,7,Бинзелла
46620,35185,7,Винк
46621,35186,7,Пунк
46622,35187,7,Вуванци
46637,35192,7,Аукционист Дрезбит
46638,35193,7,Аукционист Визпут
46639,35194,7,Аукционистка Зилбина
46640,35195,7,Аукционистка Куви
46642,35198,7,Трактирщица Нуфа
46647,28048,9,Тренировочный манекен
46667,35216,7,Мастер клинков Ронакада
46671,1126,10,Сумеречная руна земли
46672,1126,10,Twilight Rune of Water Bunny
46673,1126,10,Twilight Rune of Fire Bunny
46675,35218,7,Лугра
46708,35236,7,Суджа
46709,35237,7,Аруги
46716,35241,7,Нерог
46718,35242,7,Морака
46741,35243,7,Мурага
46742,35244,7,Брунда
46753,35248,4,Ал'акир
46754,35249,9,Гоблинский трицикл
46755,35250,9,Гоблинский турботрицикл
46756,35251,7,Каркрог Истребитель
46763,22739,7,Капитан Жужелол
46764,22880,7,Капитан Крутикопт
46785,35297,4,Повелитель Прожар
46806,35272,7,Бром Кузнецкий Молот
46808,35276,7,Наездник на грифоне Огнебородов
46819,35296,10,Труп начальника кузни Финлея
46837,35308,10,Утонувший кузнец Громового Молота
46850,35271,7,Маккей Огнебород
46851,33434,7,Боец из клана Драконьей Пасти
46885,35332,7,Верховный шаман Маккиллиган
46928,10704,7,Мясник из клана Гнилобрюхих
46962,34610,7,Барон Эшбери
46964,34611,7,Лорд Годфри
46970,8013,1,Олень нагорья
46971,23786,1,Олениха нагорья
46985,21955,10,[DNT] Goldshire Target Bunny
46997,33011,4,Ползучая болотная кочка
47059,33514,7,Дронк Брошенный Молот
47069,4587,11,Тотем безмятежного разума
47120,35426,3,Аргалот
47156,35434,7,Брамок Кровокрыл
47162,37410,7,Глубток
47174,33349,7,Гортул
47186,27913,1,Боевой грифон Громтара
47233,35497,7,Гордул
47246,35498,7,Уреда
47247,35499,7,Маруд
47248,35500,7,Гиджа
47253,35504,7,Рундок
47254,4449,3,Гизпут
47321,35538,7,Зурга Пламенная Рука
47334,35546,7,Кэп Гич
47335,35544,7,Толбарадский рубака
47336,35545,7,Толбарадский рубака
47337,35554,7,Шеки Ракопят
47338,35556,7,Френки Выхивоп
47340,35558,7,Пульчик Порохс
47343,35557,7,Зиппер Неводарь
47345,35555,7,Шиппи Вьюкси
47347,35552,7,Митч Довезесл
47380,25455,10,Голос Чо'Галла
47382,35570,7,Адам Хоссак
47393,35579,7,Горный владыка Рендан
47434,25230,7,Страж Железной вершины
47438,25233,7,Служительница Рендана
47440,35623,7,Агнес Сланцедроб
47465,36080,7,Раненый боец из клана Драконьей Пасти
47571,35695,7,Беллок Сияющий Клинок
47587,36172,7,Верховный маг Пратт
47652,35136,1,Темный ездовой верблюд
47653,35134,1,Палевый ездовой верблюд
47663,35766,7,Разведчица Орбок
47687,35951,1,Котенок Винны
47739,1305,7,"Капитан" Пирожок
47764,35816,7,Мурог
47767,35818,7,Корла
47769,24708,1,Рычалка
47771,35819,7,Друкма
47779,35823,7,Мутон Пламя Звезд
47782,6045,7,Взращиватель из клана Черной горы
47788,35827,7,Гулдор
47808,35843,1,Черный волк
47809,35844,1,Темно-бурый волк
47814,956,2,Опутанный красный дракончик
47815,11414,1,Мрачный Клык
47817,9571,1,Бегунок
47818,6807,1,Клыкач
47820,694,2,Опутанный зеленый дракончик
47821,9994,2,Опутанный синий дракончик
47822,14720,2,Опутанный бронзовый дракончик
47927,35912,7,Даг Прокоп
47934,35913,7,Карн Скалотес
47937,35914,7,Фергус Дробленый Булыжник
47938,35915,7,Эрнест Пластень
47939,35916,7,Гаван Перемол
47942,35917,7,Вельма Скольжеглыб
48001,35940,7,Теларон Крутоигл
48002,35937,7,Сумеречный сектант
48003,35939,7,Сумеречный сектант
48004,35941,7,Сумеречный сектант
48033,35955,7,Стеббен Рудохват
48037,473,9,Угловатый голем
48046,35958,7,Элла Кузнецкий Молот
48085,35964,7,Интендант Каошин
48099,35973,7,Заводчица воргов Отана
48100,35971,7,Вудуист Тиман
48118,35986,7,Шаман из племени Тлеющего Терновника
48120,11549,7,Разрушитель из клана Огненного Чрева
48248,1989,1,Скорбный ядоплюй
48249,10991,1,Скорбный крикун
48287,36100,7,Укротительница драконов Акуми
48288,36103,7,Терромат Опаленный
48289,6377,2,Миниф
48291,19895,2,Тугнар Кровобрюх
48292,36504,2,Акрайд
48312,36104,7,Верховный чернокнижник Кси'лун
48314,36105,7,Повелитель драконов Неералак
48316,35999,7,Генерал Торг'изог
48318,36109,7,Ганс Рудовоз
48321,36108,7,Гримли Опаленное Перо
48324,31992,9,Болотный экспресс
48346,33239,7,Джон Джей Кишан
48373,11686,10,AODR Event Camera
48409,18622,3,Геллмонд
48413,9670,7,Некромант из клана Черной горы
48414,6045,7,Захватчик из клана Черной горы
48434,22173,2,Окутанный пеплом дракон
48446,1126,10,Scorch Mark Bunny JMF
48535,36181,7,Маршал воздушных войск Психходельни
48539,956,2,Освобожденный красный дракончик
48540,694,2,Освобожденный зеленый дракончик
48541,9994,2,Освобожденный синий дракончик
48542,14720,2,Освобожденный бронзовый дракончик
48565,36185,7,Ариок
48569,36191,7,Эйтригг
48649,10814,3,Поверженный демон огня
48671,20042,8,Огнежук
48683,2838,8,Желтобрюхий сурок
48686,35804,8,Гремучая змея
48688,22447,8,Скунс нагорья
48689,4959,8,Мышь нагорья
48692,36236,8,Сумеречный паук
48948,36343,7,Шарон Быстроходная
48966,457,2,Огнечешуйчатый малыш
48990,36290,7,Хигс Опалибок
49131,31988,9,Гоблинский хотрод
49387,36454,7,Грот Смертельный Выпад
49496,14952,8,Пепельный паучок
49498,37007,7,Трактирщик Лютц
49506,37008,7,Чери Бауден
49519,37009,7,Лиззи "Лимонка"
49541,32806,7,Ванесса ван Клиф
49547,37010,7,Френк
49554,37131,7,Кенат
49562,37132,7,Стражник из клана Драконьей Пасти
49567,33346,7,Рабочий из клана Драконьей Пасти
49568,4268,8,Пепельная гадюка
49572,32993,7,Закаленный воин
49573,36545,7,Карба Кипящее Нутро
49588,37199,12,Гильдейский паж
49622,36559,7,Шок Нарнс
49737,1381,7,Шаздар
49743,7511,8,Навозный жук
49750,36615,7,Глашатай вождя
49762,37001,7,Трактирщик Турк
49763,37000,7,Гарм Костеруб
49765,36999,7,Рауг
49766,36998,7,Лака
49767,36997,7,Рукх Зумтарг
49837,36583,8,Костлявая ящерица
49965,1141,8,Подгородская крыса
50000,36944,8,Болотный мотылек
50051,37396,1,Призрачный краб
50088,16480,10,Воды предвидения
50159,37352,1,Самбас
50172,37028,7,Трем Черночереп
50304,37023,7,Капитан Дональд Адамс
50323,37437,7,Фриззо Вилламар
50433,37057,7,Аристалеон Солнечный Ткач
50456,37055,7,Гортак Кензо
50457,37054,7,Брот
50461,37051,7,Марлоу Харстон
50468,32031,12,Разрушитель XXS-002 Ландро
50477,31760,7,Чемпион Уру'зин
50482,37088,7,Марит Лазурия
50483,37022,7,Храбрец Тухо
50488,37020,7,Камнестраж Наргол
50586,9905,12,Мистер Козявс
50622,35026,7,Малкар
50682,34294,7,Солдат Лагеря Победителя
50722,37518,12,Элементиевая жеода
50740,36843,7,Защитник Тукмака
51195,37138,1,Кор'кронский уничтожитель
51230,33191,7,Целитель земли
51307,25182,7,Goblin Construction Worker[DND]
51346,37328,7,Страж Оргриммара
51372,37342,7,Страж Громового Утеса
51384,1566,1,Нетопырь Отрекшихся
51496,35161,7,Ким Хорн
51503,37400,7,Ранда Поющий Рог
51600,37541,12,Рагнароша
51632,28435,12,Маленький огнежук
52032,37722,7,Синзи Кляксец
52034,37724,7,Тогар
52037,37726,7,Зулна
52148,37789,7,Джин'до Низвергатель Богов
52151,37816,7,Мандокир Повелитель Крови
52363,37876,0,
52409,37875,0,Рагнарос
52414,37877,1,Тор-Тун
52438,37904,3,Мортакс
52440,22353,7,Габ
52498,38227,1,Бет'тилак
52530,38446,4,Алисразор
52655,38009,7,Большой мешок Бледного Копыта с детальками
53055,38140,7,Древний змей из рода Обугленной Чешуи
53264,38255,4,Сиррис
53265,38258,4,Келбнар
53267,38012,4,Андразор
53271,38674,4,Фа Йаракк
53494,38621,4,Бейлрок
53691,38448,0,Шэннокс
53759,38477,7,Королева пеплопрядов
53771,38675,7,Древнее тлеющее чудище
53772,38594,4,Повелитель Риолит
53834,38504,7,Ревностный предвестник
53864,38591,7,Древний повелитель огня
